Exact Match Ratio,Hamming loss,Recall,Precision,F1,Feature_name
0.07615230460921844,0.02933339205884296,0.6907147628590513,0.2920047165037145,0.37730326113563184,reverse_word_order
0.07615230460921844,0.02933339205884296,0.6907147628590513,0.2920047165037145,0.37730326113563184,lem_sent
0.0425531914893617,0.03273322422258593,0.7872340425531915,0.26871833839918946,0.3808679500168861,nsubj_Gender_error
0.03765690376569038,0.03678330038162674,0.8744769874476988,0.28549859020570323,0.4063978628093814,nsubj_Number_error
0.042801556420233464,0.036858083550690555,0.8573281452658884,0.28862190554797557,0.4056780075548672,root_Number_error
0.038461538461538464,0.03698224852071006,0.8666666666666666,0.29016802641802636,0.408802357772946,root_Mood_error
0.04285714285714286,0.03661695447409733,0.8547619047619047,0.2895012626262626,0.406387903646307,root_Tense_error1
0.04285714285714286,0.03661695447409733,0.8547619047619047,0.2895012626262626,0.406387903646307,root_Tense_error
