Exact Match Ratio,Hamming loss,Recall,Precision,F1,Feature_name
0.07615230460921844,0.02939945825717369,0.6907147628590513,0.29095261229529773,0.37612476034319725,reverse_word_order
0.07615230460921844,0.02939945825717369,0.6907147628590513,0.29095261229529773,0.37612476034319725,lem_sent
0.0425531914893617,0.03273322422258593,0.7872340425531915,0.26871833839918946,0.3808679500168861,nsubj_Gender_error
0.03765690376569038,0.03692123775805784,0.8744769874476988,0.283301937486038,0.40393731094567914,nsubj_Number_error
0.042801556420233464,0.03698635994355839,0.8573281452658884,0.28657910399155534,0.4033897900629418,root_Number_error
0.038461538461538464,0.03710904480135249,0.8666666666666666,0.28814879564879564,0.4065405427905428,root_Mood_error
0.04285714285714286,0.036734693877551024,0.8547619047619047,0.28762626262626256,0.4042876468769326,root_Tense_error1
0.04285714285714286,0.036734693877551024,0.8547619047619047,0.28762626262626256,0.4042876468769326,root_Tense_error
