Exact Match Ratio,Hamming loss,Recall,Precision,F1,Feature_name
0.22044088176352705,0.015217247682177542,0.41616566466265864,0.3591182364729459,0.3641950567802272,reverse_word_order_true
0.22044088176352705,0.015217247682177542,0.41616566466265864,0.3591182364729459,0.3641950567802272,lem_sent_true
0.18085106382978725,0.015782090250175358,0.34574468085106386,0.29964539007092206,0.3049645390070922,nsubj_Gender_true
0.27615062761506276,0.01434548714883443,0.497907949790795,0.4393305439330544,0.44323570432357046,nsubj_Number_true
0.2607003891050584,0.014880061572668576,0.48573281452658884,0.4286640726329442,0.43229571984435794,root_Number_true
0.2653846153846154,0.014792899408284023,0.5051282051282051,0.4407051282051282,0.4455128205128205,root_Mood_true
0.2714285714285714,0.014638932496075353,0.5011904761904761,0.437797619047619,0.44345238095238093,root_Tense_true
