Exact Match Ratio,Hamming loss,Recall,Precision,F1,Feature_name
0.22244488977955912,0.015151181483846815,0.4171676686706747,0.36128924515698063,0.3661990647962592,reverse_word_order_true
0.22244488977955912,0.015151181483846815,0.4171676686706747,0.36128924515698063,0.3661990647962592,lem_sent_true
0.18085106382978725,0.015782090250175358,0.34574468085106386,0.29964539007092206,0.3049645390070922,nsubj_Gender_true
0.2803347280334728,0.014207549772403329,0.5,0.44386331938633194,0.4474198047419805,nsubj_Number_true
0.26459143968871596,0.014751785179800744,0.4876783398184176,0.43287937743190663,0.43618677042801557,root_Number_true
0.2692307692307692,0.01466610312764159,0.507051282051282,0.44487179487179485,0.4493589743589743,root_Mood_true
0.275,0.014521193092621664,0.5029761904761904,0.44166666666666665,0.4470238095238095,root_Tense_true
